{
  "endpointAddress" : "https://login.salesforce.com/services/Soap/u/35.0",
  "method" : "POST",
  "headers" : {
    "SOAPAction" : [ "login" ],
    "Content-Type" : [ "text/xml" ]
  },
  "redirectEnabled" : true,
  "requestBody" : "<?xml version=\"1.0\" encoding=\"utf-8\" ?>\n<env:Envelope xmlns:xsd=\"http://www.w3.org/2001/XMLSchema\"\n    xmlns:xsi=\"http://www.w3.org/2001/XMLSchema-instance\"\n    xmlns:env=\"http://schemas.xmlsoap.org/soap/envelope/\">\n  <env:Body>\n    <n1:login xmlns:n1=\"urn:partner.soap.sforce.com\">\n      <n1:username>jadams@ixiacom.com</n1:username>\n      <n1:password>waranzed87cjT0tYZqmhxfwqVWt3ncgKo8</n1:password>\n    </n1:login>\n  </env:Body>\n</env:Envelope>",
  "queryParams" : { },
  "authType" : "NONE",
  "contentType" : "text/xml",
  "multiParamInfoList" : null,
  "sampleHttpResponseDetails" : {
    "statusCode" : 200,
    "headers" : {
      "Date" : [ "Mon, 24 Jul 2017 13:47:26 GMT" ],
      "Set-Cookie" : [ "BrowserId=Y6o5WxypQ3GtCZl0p2SryQ;Path=/;Domain=.salesforce.com;Expires=Fri, 22-Sep-2017 13:47:26 GMT" ],
      "Expires" : [ "Thu, 01 Jan 1970 00:00:00 GMT" ],
      "Content-Type" : [ "text/xml; charset=utf-8" ],
      "Vary" : [ "Accept-Encoding" ]
    },
    "responseBody" : "<?xml version=\"1.0\" encoding=\"UTF-8\"?><soapenv:Envelope xmlns:soapenv=\"http://schemas.xmlsoap.org/soap/envelope/\" xmlns=\"urn:partner.soap.sforce.com\" xmlns:xsi=\"http://www.w3.org/2001/XMLSchema-instance\"><soapenv:Body><loginResponse><result><metadataServerUrl>https://na68.salesforce.com/services/Soap/m/35.0/00D300000000PDe</metadataServerUrl><passwordExpired>false</passwordExpired><sandbox>false</sandbox><serverUrl>https://na68.salesforce.com/services/Soap/u/35.0/00D300000000PDe</serverUrl><sessionId>00D300000000PDe!AQwAQEneq.lkv_Cwp3lEDtDmmMDXwP8EL8uPlwG_J9EZhe1uam50Ro5RkiVsfZlCxfEnX5YBGQlbG3MdsmLA1GsulGxU4SGW</sessionId><userId>005a000000AyrdbAAB</userId><userInfo><accessibilityMode>false</accessibilityMode><currencySymbol>$</currencySymbol><orgAttachmentFileSizeLimit>26214400</orgAttachmentFileSizeLimit><orgDefaultCurrencyIsoCode>USD</orgDefaultCurrencyIsoCode><orgDisallowHtmlAttachments>false</orgDisallowHtmlAttachments><orgHasPersonAccounts>false</orgHasPersonAccounts><organizationId>00D300000000PDeEAM</organizationId><organizationMultiCurrency>false</organizationMultiCurrency><organizationName>Ixia</organizationName><profileId>00ea0000001Zd5jAAC</profileId><roleId>00Ea00000017TYtEAM</roleId><sessionSecondsValid>14400</sessionSecondsValid><userDefaultCurrencyIsoCode xsi:nil=\"true\"/><userEmail>jadams@ixiacom.com</userEmail><userFullName>John Adams</userFullName><userId>005a000000AyrdbAAB</userId><userLanguage>en_US</userLanguage><userLocale>en_US</userLocale><userName>jadams@ixiacom.com</userName><userTimeZone>Europe/Bucharest</userTimeZone><userType>Standard</userType><userUiSkin>Theme3</userUiSkin></userInfo></result></loginResponse></soapenv:Body></soapenv:Envelope>",
    "convertedResponse" : "{\"Body\":{\"loginResponse\":{\"result\":{\"metadataServerUrl\":\"https://na68.salesforce.com/services/Soap/m/35.0/00D300000000PDe\",\"passwordExpired\":\"false\",\"sandbox\":\"false\",\"serverUrl\":\"https://na68.salesforce.com/services/Soap/u/35.0/00D300000000PDe\",\"sessionId\":\"00D300000000PDe!AQwAQEneq.lkv_Cwp3lEDtDmmMDXwP8EL8uPlwG_J9EZhe1uam50Ro5RkiVsfZlCxfEnX5YBGQlbG3MdsmLA1GsulGxU4SGW\",\"userId\":\"005a000000AyrdbAAB\",\"userInfo\":{\"accessibilityMode\":\"false\",\"currencySymbol\":\"$\",\"orgAttachmentFileSizeLimit\":\"26214400\",\"orgDefaultCurrencyIsoCode\":\"USD\",\"orgDisallowHtmlAttachments\":\"false\",\"orgHasPersonAccounts\":\"false\",\"organizationId\":\"00D300000000PDeEAM\",\"organizationMultiCurrency\":\"false\",\"organizationName\":\"Ixia\",\"profileId\":\"00ea0000001Zd5jAAC\",\"roleId\":\"00Ea00000017TYtEAM\",\"sessionSecondsValid\":\"14400\",\"userDefaultCurrencyIsoCode\":{\"xsi:nil\":\"true\"},\"userEmail\":\"jadams@ixiacom.com\",\"userFullName\":\"John Adams\",\"userId\":\"005a000000AyrdbAAB\",\"userLanguage\":\"en_US\",\"userLocale\":\"en_US\",\"userName\":\"jadams@ixiacom.com\",\"userTimeZone\":\"Europe/Bucharest\",\"userType\":\"Standard\",\"userUiSkin\":\"Theme3\"}}},\"__prefix\":\"soapenv\"},\"xmlns:soapenv\":\"http://schemas.xmlsoap.org/soap/envelope/\",\"xmlns\":\"urn:partner.soap.sforce.com\",\"xmlns:xsi\":\"http://www.w3.org/2001/XMLSchema-instance\",\"__prefix\":\"soapenv\"}"
  },
  "proxy" : null
}