{
  "swagger" : "2.0",
  "info" : {
    "version" : "2.0",
    "x-WM-SERVICE_TYPE" : "RestService",
    "x-WM-API_ID" : "e68bae7d-8741-4644-a998-95e78d14ef31",
    "x-WM-USE_PROXY_FOR_WEB" : true,
    "x-WM-SERVICE_ID" : "salesforce2",
    "x-WM-USE_PROXY_FOR_MOBILE" : false
  },
  "host" : "login.salesforce.com",
  "basePath" : "",
  "tags" : [ {
    "name" : "RestServiceVirtualController",
    "description" : "Rest service swagger documentation"
  } ],
  "schemes" : [ "https" ],
  "paths" : {
    "/salesforce/invoke/Soap/u/35.0" : {
      "post" : {
        "tags" : [ "RestServiceVirtualController" ],
        "operationId" : "salesforce_RestServiceVirtualController-invoke",
        "consumes" : [ "text/xml" ],
        "produces" : [ "text/xml" ],
        "parameters" : [ {
          "name" : "SOAPAction",
          "in" : "header",
          "description" : "SOAPAction",
          "required" : false,
          "type" : "string",
          "items" : {
            "type" : "string"
          },
          "x-WM-FULLY_QUALIFIED_TYPE" : "java.lang.String",
          "x-WM-EDITABLE" : true
        }, {
          "name" : "Content-Type",
          "in" : "header",
          "description" : "Content-Type",
          "required" : false,
          "type" : "string",
          "items" : {
            "type" : "string"
          },
          "x-WM-FULLY_QUALIFIED_TYPE" : "java.lang.String",
          "x-WM-EDITABLE" : true
        }, {
          "in" : "body",
          "name" : "RequestBody",
          "description" : "RequestBody",
          "required" : false,
          "schema" : {
            "$ref" : "#/definitions/RootRequest"
          },
          "x-WM-FULLY_QUALIFIED_TYPE" : "java.lang.Object"
        } ],
        "responses" : {
          "200" : {
            "description" : "Success",
            "schema" : {
              "$ref" : "#/definitions/RootResponse"
            }
          }
        },
        "x-WM-METHOD_NAME" : "invoke",
        "x-WM-ACCESS_SPECIFIER" : "APP_ONLY"
      },
      "x-WM-BASE_PATH" : "/salesforce/invoke/Soap/u/35.0",
      "x-WM-TAG" : "RestServiceVirtualController",
      "x-WM-RELATIVE_PATH" : "",
      "x-WM-COMPLETE_PATH" : "${rest.salesforce.scheme}://${rest.salesforce.host}${rest.salesforce.basepath}/Soap/u/35.0"
    }
  },
  "definitions" : {
    "RootRequest" : {
      "x-WM-FULLY_QUALIFIED_NAME" : "salesforce.RootRequest",
      "x-WM-TAGS" : [ "RestServiceVirtualController" ]
    },
    "userDefaultCurrencyIsoCode" : {
      "required" : [ "xsi:nil" ],
      "properties" : {
        "xsi:nil" : {
          "type" : "string"
        }
      },
      "x-WM-FULLY_QUALIFIED_NAME" : "salesforce.userDefaultCurrencyIsoCode",
      "x-WM-TAGS" : [ "RestServiceVirtualController" ]
    },
    "result" : {
      "required" : [ "metadataServerUrl", "passwordExpired", "sandbox", "serverUrl", "sessionId", "userId", "userInfo" ],
      "properties" : {
        "sessionId" : {
          "type" : "string"
        },
        "sandbox" : {
          "type" : "string"
        },
        "userId" : {
          "type" : "string"
        },
        "passwordExpired" : {
          "type" : "string"
        },
        "metadataServerUrl" : {
          "type" : "string"
        },
        "userInfo" : {
          "$ref" : "#/definitions/userInfo"
        },
        "serverUrl" : {
          "type" : "string"
        }
      },
      "x-WM-FULLY_QUALIFIED_NAME" : "salesforce.result",
      "x-WM-TAGS" : [ "RestServiceVirtualController" ]
    },
    "RootResponse" : {
      "required" : [ "Body", "__prefix", "xmlns", "xmlns:soapenv", "xmlns:xsi" ],
      "properties" : {
        "Body" : {
          "$ref" : "#/definitions/Body"
        },
        "xmlns:xsi" : {
          "type" : "string"
        },
        "xmlns" : {
          "type" : "string"
        },
        "xmlns:soapenv" : {
          "type" : "string"
        },
        "__prefix" : {
          "type" : "string"
        }
      },
      "x-WM-FULLY_QUALIFIED_NAME" : "salesforce.RootResponse",
      "x-WM-TAGS" : [ "RestServiceVirtualController" ]
    },
    "Body" : {
      "required" : [ "__prefix", "loginResponse" ],
      "properties" : {
        "loginResponse" : {
          "$ref" : "#/definitions/loginResponse"
        },
        "__prefix" : {
          "type" : "string"
        }
      },
      "x-WM-FULLY_QUALIFIED_NAME" : "salesforce.Body",
      "x-WM-TAGS" : [ "RestServiceVirtualController" ]
    },
    "loginResponse" : {
      "required" : [ "result" ],
      "properties" : {
        "result" : {
          "$ref" : "#/definitions/result"
        }
      },
      "x-WM-FULLY_QUALIFIED_NAME" : "salesforce.loginResponse",
      "x-WM-TAGS" : [ "RestServiceVirtualController" ]
    },
    "userInfo" : {
      "required" : [ "accessibilityMode", "currencySymbol", "orgAttachmentFileSizeLimit", "orgDefaultCurrencyIsoCode", "orgDisallowHtmlAttachments", "orgHasPersonAccounts", "organizationId", "organizationMultiCurrency", "organizationName", "profileId", "roleId", "sessionSecondsValid", "userDefaultCurrencyIsoCode", "userEmail", "userFullName", "userId", "userLanguage", "userLocale", "userName", "userTimeZone", "userType", "userUiSkin" ],
      "properties" : {
        "orgAttachmentFileSizeLimit" : {
          "type" : "string"
        },
        "accessibilityMode" : {
          "type" : "string"
        },
        "organizationName" : {
          "type" : "string"
        },
        "userLanguage" : {
          "type" : "string"
        },
        "userEmail" : {
          "type" : "string"
        },
        "organizationMultiCurrency" : {
          "type" : "string"
        },
        "userLocale" : {
          "type" : "string"
        },
        "organizationId" : {
          "type" : "string"
        },
        "sessionSecondsValid" : {
          "type" : "string"
        },
        "orgDefaultCurrencyIsoCode" : {
          "type" : "string"
        },
        "userUiSkin" : {
          "type" : "string"
        },
        "userType" : {
          "type" : "string"
        },
        "userDefaultCurrencyIsoCode" : {
          "$ref" : "#/definitions/userDefaultCurrencyIsoCode"
        },
        "currencySymbol" : {
          "type" : "string"
        },
        "profileId" : {
          "type" : "string"
        },
        "userId" : {
          "type" : "string"
        },
        "userName" : {
          "type" : "string"
        },
        "userFullName" : {
          "type" : "string"
        },
        "userTimeZone" : {
          "type" : "string"
        },
        "orgDisallowHtmlAttachments" : {
          "type" : "string"
        },
        "roleId" : {
          "type" : "string"
        },
        "orgHasPersonAccounts" : {
          "type" : "string"
        }
      },
      "x-WM-FULLY_QUALIFIED_NAME" : "salesforce.userInfo",
      "x-WM-TAGS" : [ "RestServiceVirtualController" ]
    }
  }
}