<?xml version="1.0" encoding="UTF-8" standalone="yes"?>
<beans xsi:schemaLocation="http://www.springframework.org/schema/beans http://www.springframework.org/schema/beans/spring-beans.xsd http://www.springframework.org/schema/mvc http://www.springframework.org/schema/mvc/spring-mvc.xsd http://www.springframework.org/schema/context http://www.springframework.org/schema/context/spring-context.xsd http://www.springframework.org/schema/tx http://www.springframework.org/schema/tx/spring-tx.xsd http://www.springframework.org/schema/security http://www.springframework.org/schema/security/spring-security.xsd" xmlns="http://www.springframework.org/schema/beans" xmlns:security="http://www.springframework.org/schema/security" xmlns:xsi="http://www.w3.org/2001/XMLSchema-instance">
    <bean class="com.wavemaker.runtime.rest.processor.RestRuntimeConfig" id="salesforce2RestRuntimeConfig">
        <property name="httpRequestProcessorList">
            <list>
                <bean class="com.wavemaker.runtime.rest.processor.request.PassDefaultHeadersRequestProcessor">
                    <property name="enabled" value="true"/>
                    <property name="defaultHeaders">
                        <list>
                            <value>User-Agent</value>
                            <value>Content-Type</value>
                            <value>Accept</value>
                            <value>Accept-Charset</value>
                            <value>Accept-Language</value>
                            <value>X-Requested-With</value>
                        </list>
                    </property>
                </bean>
                <bean class="com.wavemaker.runtime.rest.processor.request.HttpRequestCookieProcessor">
                    <property name="enabled" value="true"/>
                </bean>
            </list>
        </property>
        <property name="httpResponseProcessorList">
            <list>
                <bean class="com.wavemaker.runtime.rest.processor.response.HttpResponseCookieProcessor">
                    <property name="enabled" value="true"/>
                    <property name="persistenceStrategy" value="NONE"/>
                </bean>
                <bean class="com.wavemaker.runtime.rest.processor.response.PrefixHttpResponseHeadersResponseProcessor">
                    <property name="enabled" value="true"/>
                    <property name="headerPrefix" value="X-WM-"/>
                    <property name="excludeList">
                        <list>
                            <value>Content-Disposition</value>
                            <value>Content-Type</value>
                            <value>Set-Cookie</value>
                        </list>
                    </property>
                </bean>
            </list>
        </property>
    </bean>
    <bean class="com.wavemaker.runtime.rest.model.RestServiceInfoBean" id="salesforce2ServiceInfo">
        <property name="serviceName" value="salesforce2"/>
        <property name="url" value="/salesforce2/invoke/data/v40.0/query/"/>
        <property name="httpMethod" value="GET"/>
    </bean>
</beans>
