{
  "tags" : [ {
    "description" : "Rest service swagger documentation",
    "name" : "RestServiceVirtualController"
  } ],
  "basePath" : "${rest.salesforce2.basepath}",
  "paths" : {
    "/data/v40.0/query/" : {
      "x-WM-BASE_PATH" : "/data/v40.0/query/",
      "x-WM-TAG" : "RestServiceVirtualController",
      "get" : {
        "tags" : [ "RestServiceVirtualController" ],
        "x-WM-METHOD_NAME" : "invoke",
        "x-WM-ACCESS_SPECIFIER" : "APP_ONLY",
        "produces" : [ "application/json" ],
        "parameters" : [ {
          "description" : "q",
          "name" : "q",
          "x-WM-EDITABLE" : false,
          "format" : "string",
          "type" : "string",
          "required" : false,
          "in" : "query"
        }, {
          "name" : "Authorization",
          "type" : "string",
          "required" : false,
          "in" : "header"
        } ],
        "consumes" : [ "text/xml" ],
        "responses" : {
          "200" : {
            "schema" : {
              "$ref" : "#/definitions/RootResponse"
            },
            "description" : "Success"
          }
        },
        "operationId" : "salesforce2_RestServiceVirtualController-invoke"
      },
      "x-WM-RELATIVE_PATH" : "",
      "x-WM-COMPLETE_PATH" : "${rest.salesforce2.scheme}://${rest.salesforce2.host}${rest.salesforce2.basepath}/data/v40.0/query/"
    }
  },
  "host" : "${rest.salesforce2.host}",
  "schemes" : [ "${rest.salesforce2.scheme}" ],
  "swagger" : "2.0",
  "definitions" : {
    "RootResponse" : {
      "x-WM-FULLY_QUALIFIED_NAME" : "salesforce2.RootResponse",
      "x-WM-TAGS" : [ "RestServiceVirtualController" ],
      "properties" : {
        "done" : {
          "type" : "boolean"
        },
        "records" : {
          "x-WM-IS_LIST" : true,
          "items" : {
            "$ref" : "#/definitions/recordsEntryItem"
          },
          "uniqueItems" : false,
          "type" : "array"
        },
        "totalSize" : {
          "format" : "int32",
          "type" : "integer"
        }
      },
      "required" : [ "done", "records", "totalSize" ]
    },
    "Owner" : {
      "x-WM-FULLY_QUALIFIED_NAME" : "salesforce2.Owner",
      "x-WM-TAGS" : [ "RestServiceVirtualController" ],
      "properties" : {
        "Name" : {
          "type" : "string"
        },
        "attributes" : {
          "$ref" : "#/definitions/attributes"
        }
      },
      "required" : [ "Name", "attributes" ]
    },
    "recordsEntryItem" : {
      "x-WM-FULLY_QUALIFIED_NAME" : "salesforce2.recordsEntryItem",
      "x-WM-TAGS" : [ "RestServiceVirtualController" ],
      "properties" : {
        "Status" : {
          "type" : "string"
        },
        "Owner" : {
          "$ref" : "#/definitions/Owner"
        },
        "Description" : {
          "type" : "string"
        },
        "Subject" : {
          "type" : "string"
        },
        "Id" : {
          "type" : "string"
        },
        "attributes" : {
          "$ref" : "#/definitions/attributes"
        },
        "CaseNumber" : {
          "type" : "string"
        }
      },
      "required" : [ "CaseNumber", "Description", "Id", "Owner", "Status", "Subject", "attributes" ]
    },
    "attributes" : {
      "x-WM-FULLY_QUALIFIED_NAME" : "salesforce2.attributes",
      "x-WM-TAGS" : [ "RestServiceVirtualController" ],
      "properties" : {
        "type" : {
          "type" : "string"
        },
        "url" : {
          "type" : "string"
        }
      },
      "required" : [ "type", "url" ]
    }
  },
  "info" : {
    "x-WM-SERVICE_TYPE" : "RestService",
    "x-WM-API_ID" : "fb9da050-2285-48fd-a56f-78b65ac95ccb",
    "x-WM-USE_PROXY_FOR_WEB" : true,
    "x-WM-SERVICE_ID" : "salesforce3",
    "x-WM-USE_PROXY_FOR_MOBILE" : false,
    "version" : "2.0"
  }
}