{
  "from" : {
    "_id" : "wm-from-wm.Variable-1500907415235",
    "name" : "from",
    "owner" : "Page",
    "category" : "wm.Variable",
    "dataBinding" : [ ],
    "dataSet" : {
      "dataValue" : "FROM "
    },
    "type" : "string",
    "isList" : false,
    "saveInPhonegap" : false
  },
  "select" : {
    "_id" : "wm-select-wm.Variable-1500907400227",
    "name" : "select",
    "owner" : "Page",
    "category" : "wm.Variable",
    "dataBinding" : [ ],
    "dataSet" : {
      "dataValue" : "SELECT "
    },
    "type" : "string",
    "isList" : false,
    "saveInPhonegap" : false
  },
  "sfClause" : {
    "_id" : "wm-sfClause-wm.Variable-1500907547066",
    "name" : "sfClause",
    "owner" : "Page",
    "category" : "wm.Variable",
    "dataBinding" : [ {
      "target" : "dataValue",
      "value" : "bind:Variables.select.dataSet.dataValue + Widgets.text1.datavalue + Variables.from.dataSet.dataValue + Widgets.text2.datavalue + Variables.where.dataSet.dataValue + Widgets.text3.datavalue",
      "type" : "string"
    } ],
    "dataSet" : {
      "dataValue" : ""
    },
    "type" : "string",
    "isList" : false,
    "saveInPhonegap" : false
  },
  "sfQuery2" : {
    "_id" : "wm-sfQuery2-wm.ServiceVariable-1500907645149",
    "name" : "sfQuery2",
    "owner" : "Page",
    "category" : "wm.ServiceVariable",
    "dataBinding" : [ {
      "target" : "q",
      "value" : "bind:Variables.sfClause.dataSet.dataValue",
      "type" : "string"
    }, {
      "target" : "Authorization",
      "value" : "bind:Variables.Authorization.dataSet.dataValue",
      "type" : "string"
    } ],
    "type" : "salesforce2.RootResponse",
    "service" : "salesforce2",
    "operation" : "invoke",
    "operationId" : "salesforce2_RestServiceVirtualController-invoke",
    "operationType" : "get",
    "serviceType" : "RestService",
    "dataSet" : [ ],
    "isList" : false,
    "maxResults" : 20,
    "startUpdate" : false,
    "autoUpdate" : true,
    "inFlightBehavior" : "executeLast",
    "transformationRequired" : false,
    "saveInPhonegap" : false,
    "controller" : "RestServiceVirtual",
    "spinnerContext" : "page",
    "spinnerMessage" : "Sending Query..."
  },
  "where" : {
    "_id" : "wm-where-wm.Variable-1500907424047",
    "name" : "where",
    "owner" : "Page",
    "category" : "wm.Variable",
    "dataBinding" : [ ],
    "dataSet" : {
      "dataValue" : "Where "
    },
    "type" : "string",
    "isList" : false,
    "saveInPhonegap" : false
  }
}