{
  "swagger" : "2.0",
  "info" : {
    "version" : "2.0",
    "x-WM-SERVICE_TYPE" : "RestService",
    "x-WM-API_ID" : "fb9da050-2285-48fd-a56f-78b65ac95ccb",
    "x-WM-USE_PROXY_FOR_WEB" : true,
    "x-WM-SERVICE_ID" : "salesforce3",
    "x-WM-USE_PROXY_FOR_MOBILE" : false
  },
  "host" : "na68.salesforce.com",
  "basePath" : "/services",
  "tags" : [ {
    "name" : "RestServiceVirtualController",
    "description" : "Rest service swagger documentation"
  } ],
  "schemes" : [ "https" ],
  "paths" : {
    "/data/v40.0/query/" : {
      "get" : {
        "tags" : [ "RestServiceVirtualController" ],
        "operationId" : "salesforce2_RestServiceVirtualController-invoke",
        "consumes" : [ "text/xml" ],
        "produces" : [ "application/json" ],
        "parameters" : [ {
          "name" : "q",
          "in" : "query",
          "description" : "q",
          "required" : false,
          "type" : "string",
          "format" : "string",
          "x-WM-EDITABLE" : false
        }, {
          "name" : "Authorization",
          "in" : "header",
          "required" : false,
          "type" : "string"
        } ],
        "responses" : {
          "200" : {
            "description" : "Success",
            "schema" : {
              "$ref" : "#/definitions/RootResponse"
            }
          }
        },
        "x-WM-METHOD_NAME" : "invoke",
        "x-WM-ACCESS_SPECIFIER" : "APP_ONLY"
      },
      "x-WM-TAG" : "RestServiceVirtualController",
      "x-WM-BASE_PATH" : "/data/v40.0/query/",
      "x-WM-COMPLETE_PATH" : "${rest.salesforce2.scheme}://${rest.salesforce2.host}${rest.salesforce2.basepath}/data/v40.0/query/",
      "x-WM-RELATIVE_PATH" : ""
    }
  },
  "definitions" : {
    "Owner" : {
      "required" : [ "Name", "attributes" ],
      "properties" : {
        "Name" : {
          "type" : "string"
        },
        "attributes" : {
          "$ref" : "#/definitions/attributes"
        }
      },
      "x-WM-FULLY_QUALIFIED_NAME" : "salesforce2.Owner",
      "x-WM-TAGS" : [ "RestServiceVirtualController" ]
    },
    "RootResponse" : {
      "required" : [ "done", "records", "totalSize" ],
      "properties" : {
        "done" : {
          "type" : "boolean"
        },
        "totalSize" : {
          "type" : "integer",
          "format" : "int32"
        },
        "records" : {
          "type" : "array",
          "uniqueItems" : false,
          "items" : {
            "$ref" : "#/definitions/recordsEntryItem"
          },
          "x-WM-IS_LIST" : true
        }
      },
      "x-WM-FULLY_QUALIFIED_NAME" : "salesforce2.RootResponse",
      "x-WM-TAGS" : [ "RestServiceVirtualController" ]
    },
    "recordsEntryItem" : {
      "required" : [ "CaseNumber", "Description", "Id", "Owner", "Status", "Subject", "attributes" ],
      "properties" : {
        "Owner" : {
          "$ref" : "#/definitions/Owner"
        },
        "Status" : {
          "type" : "string"
        },
        "Description" : {
          "type" : "string"
        },
        "Subject" : {
          "type" : "string"
        },
        "Id" : {
          "type" : "string"
        },
        "attributes" : {
          "$ref" : "#/definitions/attributes"
        },
        "CaseNumber" : {
          "type" : "string"
        }
      },
      "x-WM-FULLY_QUALIFIED_NAME" : "salesforce2.recordsEntryItem",
      "x-WM-TAGS" : [ "RestServiceVirtualController" ]
    },
    "attributes" : {
      "required" : [ "type", "url" ],
      "properties" : {
        "type" : {
          "type" : "string"
        },
        "url" : {
          "type" : "string"
        }
      },
      "x-WM-FULLY_QUALIFIED_NAME" : "salesforce2.attributes",
      "x-WM-TAGS" : [ "RestServiceVirtualController" ]
    }
  }
}