{
  "endpointAddress" : "https://na68.salesforce.com/services/data/v40.0/query/",
  "method" : "GET",
  "headers" : {
    "Authorization" : [ "Bearer 00D300000000PDe!AQwAQEneq.lkv_Cwp3lEDtDmmMDXwP8EL8uPlwG_J9EZhe1uam50Ro5RkiVsfZlCxfEnX5YBGQlbG3MdsmLA1GsulGxU4SGW" ]
  },
  "redirectEnabled" : true,
  "requestBody" : "",
  "queryParams" : {
    "q" : "SELECT id, Owner.Name, subject, status, Description , CaseNumber FROM Case WHERE Status='Pending Customer Response' AND Owner.Name='John Adams'"
  },
  "authType" : "NONE",
  "contentType" : "text/xml",
  "multiParamInfoList" : null,
  "sampleHttpResponseDetails" : {
    "statusCode" : 200,
    "headers" : {
      "Date" : [ "Mon, 24 Jul 2017 15:19:40 GMT" ],
      "Strict-Transport-Security" : [ "max-age=31536000; includeSubDomains" ],
      "X-Content-Type-Options" : [ "nosniff" ],
      "X-XSS-Protection" : [ "1; mode=block" ],
      "Content-Security-Policy" : [ "upgrade-insecure-requests" ],
      "Set-Cookie" : [ "BrowserId=gHXnLxfsSVKKkDB1aPSAiQ;Path=/;Domain=.salesforce.com;Expires=Fri, 22-Sep-2017 15:19:40 GMT" ],
      "Expires" : [ "Thu, 01 Jan 1970 00:00:00 GMT" ],
      "Sforce-Limit-Info" : [ "api-usage=2092616/5129000" ],
      "Content-Type" : [ "application/json;charset=UTF-8" ],
      "Vary" : [ "Accept-Encoding" ],
      "Transfer-Encoding" : [ "chunked" ]
    },
    "responseBody" : "{\"totalSize\":3,\"done\":true,\"records\":[{\"attributes\":{\"type\":\"Case\",\"url\":\"/services/data/v40.0/sobjects/Case/50013000011M5IJAA0\"},\"Id\":\"50013000011M5IJAA0\",\"Owner\":{\"attributes\":{\"type\":\"Name\",\"url\":\"/services/data/v40.0/sobjects/User/005a000000AyrdbAAB\"},\"Name\":\"John Adams\"},\"Subject\":\"NetOptics - Product - TACACS & Orange\",\"Status\":\"Pending Customer Response\",\"Description\":\"Hi Gustavo,\\r\\n\\r\\nWe have a negative feedback about the TACACS authent which seems to be not working anymore with the new version :\\r\\n\\r\\nJ'ai upgradé mes agrégateurs avec succès. En revanche l'authentification tacacs+ ne fonctionne toujours pas. Je n'ai plus de problème de longueur de clé, mais il ne se passe tout simplement rien lorsque j'essaie de m'authentifier en tacacs... Pas la moindre tentatives de connexions au servers tacacs... C'est comme si l'agrégateur ne tentait même pas de dialoguer avec mon serveur, bien que lorsque j'affiche la configuration , à priori, tout est bien paramétré.\\r\\n\\r\\nVoici à titre d'exemple ce que j'ai mis en place :\\r\\n\\r\\naggr> server add type=tac id=2 admin=enable srvip=<x.x.x.x> port=49 pw=<clé_tacacs> timeout=10 retries=2 priv_default=1 priv_map=a,2,2\\r\\naggr> server commit\\r\\n\\r\\nEt lorsque j'affiche ma conf j'obtiens grosso modo ceci :\\r\\n\\r\\naggr> server show\\r\\n\\r\\n       ----------------------------------------------------------------------\\r\\n       AAA Server #1        pending :            running :\\r\\n       ----------------------------------------------------------------------\\r\\n       Type :               LOCAL                LOCAL\\r\\n       ----------------------------------------------------------------------\\r\\n\\r\\n       ----------------------------------------------------------------------\\r\\n       AAA Server #2        pending :            running :\\r\\n       ----------------------------------------------------------------------\\r\\n       Type :               TACACS+              TACACS+\\r\\n       IP Address :         x.x.x.x              x.x.x.x\\r\\n       Port:                49                   49\\r\\n       Admin:               Enable               Enable\\r\\n       Retry:               2                    2\\r\\n       Timeout:             10                   10\\r\\n       Priv level:          1                    1\\r\\n       Priv map:            a,2,2                a,2,2\\r\\n       ----------------------------------------------------------------------\\r\\nAny Idea ?\\r\\n\\r\\nThanks and regards,\\r\\n\\r\\nAurélien COLLET\\r\\nNetwork Consulting Engineer\\r\\nacollet@wavetel.fr<mailto:acollet@wavetel.fr>\\r\\nPhone: +33 (0)6 40 10 77 54\\r\\n________________________________\\r\\n[cid:image001.png@01D152CE.505DA4F0]<http://www.wavetel.fr/>\",\"CaseNumber\":\"768289\"},{\"attributes\":{\"type\":\"Case\",\"url\":\"/services/data/v40.0/sobjects/Case/50013000011MSx1AAG\"},\"Id\":\"50013000011MSx1AAG\",\"Owner\":{\"attributes\":{\"type\":\"Name\",\"url\":\"/services/data/v40.0/sobjects/User/005a000000AyrdbAAB\"},\"Name\":\"John Adams\"},\"Subject\":\"iBypass 3 - Issues with traffic\",\"Status\":\"Pending Customer Response\",\"Description\":null,\"CaseNumber\":\"768771\"},{\"attributes\":{\"type\":\"Case\",\"url\":\"/services/data/v40.0/sobjects/Case/5001B00000UN2ibQAD\"},\"Id\":\"5001B00000UN2ibQAD\",\"Owner\":{\"attributes\":{\"type\":\"Name\",\"url\":\"/services/data/v40.0/sobjects/User/005a000000AyrdbAAB\"},\"Name\":\"John Adams\"},\"Subject\":\"NTO 6322 - Some of data is masking and some is not\",\"Status\":\"Pending Customer Response\",\"Description\":\"Dear Support,\\r\\n\\r\\nIxia Vision One Serial Number: 6322-00001176\\r\\nCustomer                                    : Turk Telekom\\r\\n\\r\\nWe have some problem about data masking;\\r\\n\\r\\nOur Data Masking Filter like as below;\\r\\n\\r\\n[\\\\x3E][A-Za-z0-9_ \\\\s\\\\(\\\\)]{1,20}\\r\\n\\r\\nAccording to this filter after \\\">\\\" sign some of data is masking and some of not. It seems like it works for a while then stop and after that starts to masking again.\\r\\n\\r\\nAlso, I have added a packet capture that you can see.\\r\\nAt below screenshot you can see that is not masking data.\\r\\n\\r\\n[cid:image002.png@01D30484.A2DA8360]\\r\\n\\r\\n\\r\\nBest Regards,\\r\\n\\r\\nAhmetcan BAS  | ISB Information Technology | Network Engineer\\r\\nİçerenköy Mah. Çayır Cad. Özce Center No: 3/8 Ataşehir İSTANBUL\\r\\nGsm +90 (530) 104 08 72  | Tel +90 (216) 428 47 47 | Fax +90 (216) 428 47 48\\r\\n\\r\\nISO 9001:2008 Certified | ISO 14001:2004 Certified\\r\\n\\r\\n[logo]\",\"CaseNumber\":\"769770\"}]}",
    "convertedResponse" : null
  },
  "proxy" : null
}