{
  "tags" : [ {
    "description" : "WebSocket service swagger documentation",
    "name" : "WebSocketServiceVirtualController"
  } ],
  "basePath" : "${websocket.hermetics.basepath}",
  "paths" : {
    "/link" : {
      "x-WM-BASE_PATH" : "/link",
      "x-WM-TAG" : "WebSocketServiceVirtualController",
      "get" : {
        "tags" : [ "WebSocketServiceVirtualController" ],
        "x-WM-OUT-PARAMS-TYPE" : [ "#/definitions/RootResponse" ],
        "x-WM-METHOD_NAME" : "invoke",
        "x-WM-ACCESS_SPECIFIER" : "APP_ONLY",
        "security" : [ {
          "WM_WebSocket_Service_Authorization" : [ ]
        } ],
        "x-WM-IN-PARAMS-TYPE" : [ "#/definitions/RootRequest" ],
        "operationId" : "hermetics_WebSocketServiceVirtualController-invoke"
      },
      "x-WM-RELATIVE_PATH" : "",
      "x-WM-COMPLETE_PATH" : "${websocket.hermetics.scheme}://${websocket.hermetics.host}${websocket.hermetics.basepath}/link"
    }
  },
  "host" : "${websocket.hermetics.host}",
  "schemes" : [ "${websocket.hermetics.scheme}" ],
  "swagger" : "2.0",
  "definitions" : {
    "RootResponse" : {
      "x-WM-FULLY_QUALIFIED_NAME" : "hermetics.RootResponse",
      "x-WM-TAGS" : [ "WebSocketServiceVirtualController" ],
      "properties" : {
        "Where" : {
          "type" : "string"
        },
        "User" : {
          "type" : "string"
        },
        "Select" : {
          "type" : "string"
        },
        "From" : {
          "type" : "string"
        }
      }
    },
    "RootRequest" : {
      "x-WM-FULLY_QUALIFIED_NAME" : "hermetics.RootRequest",
      "x-WM-TAGS" : [ "WebSocketServiceVirtualController" ]
    }
  },
  "info" : {
    "x-WM-SERVICE_TYPE" : "WebSocketService",
    "x-WM-API_ID" : "800df7b0-2769-4b63-bbcb-e13ffeddf641",
    "x-WM-USE_PROXY_FOR_WEB" : false,
    "x-WM-SERVICE_ID" : "hermetics",
    "x-WM-USE_PROXY_FOR_MOBILE" : false,
    "version" : "2.0"
  }
}