{
  "apostrophe" : {
    "_id" : "wm-apostrophe-wm.Variable-1500982622303",
    "name" : "apostrophe",
    "owner" : "Page",
    "category" : "wm.Variable",
    "dataBinding" : [ ],
    "dataSet" : {
      "dataValue" : "'"
    },
    "type" : "string",
    "isList" : false,
    "saveInPhonegap" : false
  },
  "Authorization" : {
    "_id" : "wm-Authorization-wm.Variable-1500905393103",
    "name" : "Authorization",
    "owner" : "Page",
    "category" : "wm.Variable",
    "dataBinding" : [ {
      "target" : "dataValue",
      "value" : "bind:Variables.bearer.dataSet.dataValue + Variables.sfLoginSOAP.dataSet.Body.loginResponse.result.sessionId"
    } ],
    "dataSet" : {
      "dataValue" : ""
    },
    "type" : "string",
    "isList" : false,
    "saveInPhonegap" : false
  },
  "bearer" : {
    "_id" : "wm-bearer-wm.Variable-1500905323161",
    "name" : "bearer",
    "owner" : "Page",
    "category" : "wm.Variable",
    "dataBinding" : [ ],
    "dataSet" : {
      "dataValue" : "Bearer "
    },
    "type" : "string",
    "isList" : false,
    "saveInPhonegap" : false
  },
  "ConnectClient" : {
    "_id" : "wm-ConnectClient-wm.WebSocketVariable-1500981891314",
    "name" : "ConnectClient",
    "owner" : "Page",
    "category" : "wm.WebSocketVariable",
    "dataBinding" : [ {
      "target" : "RequestBody",
      "value" : "bind:Widgets.inputCallSign.datavalue",
      "type" : "hermetics.RootRequest"
    } ],
    "service" : "hermetics",
    "operationId" : "hermetics_WebSocketServiceVirtualController-invoke",
    "dataSet" : [ ],
    "type" : "hermetics.RootResponse",
    "isDefault" : false,
    "isList" : false,
    "startUpdate" : false,
    "dataUpdateStrategy" : "refresh",
    "dataLimit" : 20,
    "onMessageReceive" : "Variables.sfQuery.invoke()"
  },
  "FROM" : {
    "_id" : "wm-FROM-wm.Variable-1500908782805",
    "name" : "FROM",
    "owner" : "Page",
    "category" : "wm.Variable",
    "dataBinding" : [ ],
    "dataSet" : {
      "dataValue" : "FROM Case "
    },
    "type" : "string",
    "isList" : false,
    "saveInPhonegap" : false
  },
  "login1" : {
    "_id" : "wm-login1-wm.Variable-1500902462413",
    "name" : "login1",
    "owner" : "Page",
    "category" : "wm.Variable",
    "dataBinding" : [ ],
    "dataSet" : {
      "dataValue" : "<?xml version=\"1.0\" encoding=\"utf-8\" ?> <env:Envelope xmlns:xsd=\"http://www.w3.org/2001/XMLSchema\"     xmlns:xsi=\"http://www.w3.org/2001/XMLSchema-instance\"     xmlns:env=\"http://schemas.xmlsoap.org/soap/envelope/\">   <env:Body>     <n1:login xmlns:n1=\"urn:partner.soap.sforce.com\">       <n1:username>"
    },
    "type" : "string",
    "isList" : false,
    "saveInPhonegap" : false
  },
  "login2" : {
    "_id" : "wm-login2-wm.Variable-1500902505345",
    "name" : "login2",
    "owner" : "Page",
    "category" : "wm.Variable",
    "dataBinding" : [ ],
    "dataSet" : {
      "dataValue" : "</n1:username><n1:password>"
    },
    "type" : "string",
    "isList" : false,
    "saveInPhonegap" : false
  },
  "login3" : {
    "_id" : "wm-login3-wm.Variable-1500902548212",
    "name" : "login3",
    "owner" : "Page",
    "category" : "wm.Variable",
    "dataBinding" : [ ],
    "dataSet" : {
      "dataValue" : "</n1:password>     </n1:login>   </env:Body> </env:Envelope>"
    },
    "type" : "string",
    "isList" : false,
    "saveInPhonegap" : false
  },
  "loginPassword" : {
    "_id" : "wm-loginPassword-wm.Variable-1500902578951",
    "name" : "loginPassword",
    "owner" : "Page",
    "category" : "wm.Variable",
    "dataBinding" : [ {
      "target" : "dataValue",
      "value" : "bind:Widgets.text2.datavalue"
    } ],
    "dataSet" : {
      "dataValue" : ""
    },
    "type" : "string",
    "isList" : false,
    "saveInPhonegap" : false
  },
  "loginSOAP" : {
    "_id" : "wm-loginSOAP-wm.Variable-1500903854916",
    "name" : "loginSOAP",
    "owner" : "Page",
    "category" : "wm.Variable",
    "dataBinding" : [ {
      "target" : "dataValue",
      "value" : "bind:Variables.login1.dataSet.dataValue + Variables.loginUser.dataSet.dataValue + Variables.login2.dataSet.dataValue + Variables.loginPassword.dataSet.dataValue + Variables.loginToken.dataSet.dataValue + Variables.login3.dataSet.dataValue",
      "type" : "string"
    } ],
    "dataSet" : {
      "dataValue" : ""
    },
    "type" : "string",
    "isList" : false,
    "saveInPhonegap" : false
  },
  "loginToken" : {
    "_id" : "wm-loginToken-wm.Variable-1500902586670",
    "name" : "loginToken",
    "owner" : "Page",
    "category" : "wm.Variable",
    "dataBinding" : [ {
      "target" : "dataValue",
      "value" : "bind:Widgets.text3.datavalue"
    } ],
    "dataSet" : {
      "dataValue" : ""
    },
    "type" : "string",
    "isList" : false,
    "saveInPhonegap" : false
  },
  "loginUser" : {
    "_id" : "wm-loginUser-wm.Variable-1500902568122",
    "name" : "loginUser",
    "owner" : "Page",
    "category" : "wm.Variable",
    "dataBinding" : [ {
      "target" : "dataValue",
      "value" : "bind:Widgets.text1.datavalue"
    } ],
    "dataSet" : {
      "dataValue" : ""
    },
    "type" : "string",
    "isList" : false,
    "saveInPhonegap" : false
  },
  "SELECT" : {
    "_id" : "wm-select-wm.Variable-1500908768801",
    "name" : "SELECT",
    "owner" : "Page",
    "category" : "wm.Variable",
    "dataBinding" : [ ],
    "dataSet" : {
      "dataValue" : "SELECT id, CaseNumber, Owner.Name, Subject, Description "
    },
    "type" : "string",
    "isList" : false,
    "saveInPhonegap" : false
  },
  "sfClause" : {
    "_id" : "wm-sfClause-wm.Variable-1500908875992",
    "name" : "sfClause",
    "owner" : "Page",
    "category" : "wm.Variable",
    "dataBinding" : [ {
      "target" : "dataValue",
      "value" : "bind:Variables.SELECT.dataSet.dataValue + Variables.FROM.dataSet.dataValue + Variables.ConnectClient.dataSet.Where",
      "type" : "string"
    } ],
    "dataSet" : {
      "dataValue" : ""
    },
    "type" : "string",
    "isList" : false,
    "saveInPhonegap" : false
  },
  "sfLoginSOAP" : {
    "_id" : "wm-sfLoginSOAP-wm.ServiceVariable-1500903194223",
    "name" : "sfLoginSOAP",
    "owner" : "Page",
    "category" : "wm.ServiceVariable",
    "dataBinding" : [ {
      "target" : "SOAPAction",
      "value" : [ "login" ],
      "type" : "string"
    }, {
      "target" : "Content-Type",
      "value" : [ "text/xml" ],
      "type" : "string"
    }, {
      "isList" : false,
      "target" : "RequestBody",
      "value" : "bind:Variables.loginSOAP.dataSet.dataValue",
      "type" : "salesforce.RootRequest"
    } ],
    "type" : "salesforce.RootResponse",
    "service" : "salesforce",
    "operation" : "invoke",
    "operationId" : "salesforce_RestServiceVirtualController-invoke",
    "operationType" : "post",
    "serviceType" : "RestService",
    "dataSet" : [ ],
    "isList" : false,
    "maxResults" : 20,
    "startUpdate" : false,
    "autoUpdate" : false,
    "inFlightBehavior" : "executeLast",
    "transformationRequired" : false,
    "saveInPhonegap" : false,
    "controller" : "RestServiceVirtual",
    "spinnerContext" : "page",
    "spinnerMessage" : "Logging in..."
  },
  "sfQuery" : {
    "_id" : "wm-serviceVariable1-wm.ServiceVariable-1500905706007",
    "name" : "sfQuery",
    "owner" : "Page",
    "category" : "wm.ServiceVariable",
    "dataBinding" : [ {
      "target" : "q",
      "value" : "bind:Variables.sfClause.dataSet.dataValue",
      "type" : "string"
    }, {
      "target" : "Authorization",
      "value" : "bind:Variables.Authorization.dataSet.dataValue",
      "type" : "string"
    } ],
    "type" : "salesforce2.RootResponse",
    "service" : "salesforce2",
    "operation" : "invoke",
    "operationId" : "salesforce2_RestServiceVirtualController-invoke",
    "operationType" : "get",
    "serviceType" : "RestService",
    "dataSet" : [ ],
    "isList" : false,
    "maxResults" : 20,
    "startUpdate" : false,
    "autoUpdate" : false,
    "inFlightBehavior" : "executeLast",
    "transformationRequired" : false,
    "saveInPhonegap" : false,
    "controller" : "RestServiceVirtual"
  },
  "WHERE" : {
    "_id" : "wm-WHERE-wm.Variable-1500908793291",
    "name" : "WHERE",
    "owner" : "Page",
    "category" : "wm.Variable",
    "dataBinding" : [ ],
    "dataSet" : {
      "dataValue" : "WHERE Owner.Name='"
    },
    "type" : "string",
    "isList" : false,
    "saveInPhonegap" : false
  }
}