{
  "swagger" : "2.0",
  "info" : {
    "version" : "2.0",
    "x-WM-SERVICE_TYPE" : "WebSocketService",
    "x-WM-API_ID" : "c030a601-6bcb-471c-8421-39a1401b8b88",
    "x-WM-USE_PROXY_FOR_WEB" : false,
    "x-WM-SERVICE_ID" : "hermetics2",
    "x-WM-USE_PROXY_FOR_MOBILE" : false
  },
  "host" : "hermetics.io",
  "basePath" : "",
  "tags" : [ {
    "name" : "WebSocketServiceVirtualController",
    "description" : "WebSocket service swagger documentation"
  } ],
  "schemes" : [ "wss" ],
  "paths" : {
    "/hermeticsLogin/invoke/link" : {
      "get" : {
        "tags" : [ "WebSocketServiceVirtualController" ],
        "operationId" : "hermeticsLogin_WebSocketServiceVirtualController-invoke",
        "security" : [ {
          "WM_WebSocket_Service_Authorization" : [ ]
        } ],
        "x-WM-OUT-PARAMS-TYPE" : [ "#/definitions/RootResponse" ],
        "x-WM-METHOD_NAME" : "invoke",
        "x-WM-ACCESS_SPECIFIER" : "APP_ONLY",
        "x-WM-IN-PARAMS-TYPE" : [ "#/definitions/RootRequest" ]
      },
      "x-WM-BASE_PATH" : "/hermeticsLogin/invoke/link",
      "x-WM-TAG" : "WebSocketServiceVirtualController",
      "x-WM-RELATIVE_PATH" : "",
      "x-WM-COMPLETE_PATH" : "${websocket.hermeticsLogin.scheme}://${websocket.hermeticsLogin.host}${websocket.hermeticsLogin.basepath}/link"
    }
  },
  "definitions" : {
    "RootRequest" : {
      "x-WM-FULLY_QUALIFIED_NAME" : "hermeticsLogin.RootRequest",
      "x-WM-TAGS" : [ "WebSocketServiceVirtualController" ]
    },
    "RootResponse" : {
      "x-WM-FULLY_QUALIFIED_NAME" : "hermeticsLogin.RootResponse",
      "x-WM-TAGS" : [ "WebSocketServiceVirtualController" ]
    }
  }
}